panel	organ	label	n_cells	markers	asserted_lineage	evidence_lineage	cl_candidates	note
d	Lung	Tuft cell	557	-	tuft cell	CD16-negative, CD56-bright natural killer cell, human	-	queue_rank=1;ratio=0.019;error=True;anchor_flagged=True
d	Pancreas	B cell	1605	-	type B pancreatic cell	B cell	-	queue_rank=2;ratio=0.085;error=True;anchor_flagged=True
d	Liver	Lymphoid cell	8217	-	lymphocyte	megakaryocyte	-	queue_rank=3;ratio=0.094;error=False;anchor_flagged=False
d	Skin	Conventional dendritic cell	1280	-	conventional dendritic cell	plasmacytoid dendritic cell, human	-	queue_rank=4;ratio=0.104;error=True;anchor_flagged=False
d	Liver	Neutrophilic granulocyte	1237	-	neutrophil	Schwann cell	-	queue_rank=5;ratio=0.108;error=False;anchor_flagged=False
d	Skin	Conventional dendritic cell 1	711	-	conventional dendritic cell	blood vessel endothelial cell	-	queue_rank=6;ratio=0.137;error=False;anchor_flagged=True
d	Lung	Bronchial smooth muscle cell	10805	-	bronchial smooth muscle cell	secondary crest myofibroblast	-	queue_rank=7;ratio=0.137;error=True;anchor_flagged=True
d	Bone_marrow	Pre conventional dendritic cell	2967	-	conventional dendritic cell	plasmacytoid dendritic cell, human	-	queue_rank=8;ratio=0.152;error=True;anchor_flagged=False
d	Skin	Conventional dendritic cell 2	2579	-	conventional dendritic cell	neutrophil	-	queue_rank=9;ratio=0.157;error=False;anchor_flagged=False
d	Bone_marrow	Mesenchymal cell	528	-	mesenchymal cell	stromal cell of bone marrow	-	queue_rank=10;ratio=0.193;error=False;anchor_flagged=False
d	Spleen	Conventional dendritic cell	940	-	conventional dendritic cell	plasmacytoid dendritic cell	-	queue_rank=11;ratio=0.199;error=True;anchor_flagged=False
d	Skin	Monocyte-derived macrophage	2184	-	macrophage	eurydendroid cell	-	queue_rank=12;ratio=0.206;error=False;anchor_flagged=False
d	Spleen	Lymphoid cell	1978	-	lymphocyte	stromal cell	-	queue_rank=13;ratio=0.221;error=False;anchor_flagged=False
d	Kidney	Ureteric epithelial cell	554	-	epithelial cell	papillary tips cell	-	queue_rank=14;ratio=0.232;error=False;anchor_flagged=False
d	Kidney	Myofibroblast	581	-	myofibroblast cell	stromal cell	-	queue_rank=15;ratio=0.266;error=True;anchor_flagged=False
d	Spleen	Memory CD8 T cell	11441	-	central memory CD8-positive, alpha-beta T cell	mature NK T cell	-	queue_rank=16;ratio=0.308;error=False;anchor_flagged=False
d	Pancreas	Fibroblast	2463	-	fibroblast	mesenchymal stem cell	-	queue_rank=17;ratio=0.311;error=False;anchor_flagged=False
d	Lung	Naive CD8 T cell	1335	-	naive thymus-derived CD8-positive, alpha-beta T cell	lung resident memory CD8-positive, alpha-beta T cell	-	queue_rank=18;ratio=0.319;error=False;anchor_flagged=False
d	Skin	Schwann cell	609	-	Schwann cell	blood vessel endothelial cell	-	queue_rank=19;ratio=0.328;error=True;anchor_flagged=False
d	Bone_marrow	Myeloid cell	5497	-	myeloid cell	endothelial cell	-	queue_rank=20;ratio=0.354;error=False;anchor_flagged=False
d	Skin	Monocyte	23110	-	monocyte	neutrophil	-	queue_rank=21;ratio=0.366;error=False;anchor_flagged=False
d	Skin	Smooth muscle cell	17243	-	smooth muscle cell	blood vessel endothelial cell	-	queue_rank=22;ratio=0.368;error=False;anchor_flagged=False
d	Skin	NK cell	11616	-	natural killer cell	mature NK T cell	-	queue_rank=23;ratio=0.376;error=False;anchor_flagged=False
d	Liver	Dendritic cell	4231	-	liver dendritic cell	common dendritic progenitor	-	queue_rank=24;ratio=0.393;error=False;anchor_flagged=False
d	Bone_marrow	NK T cell	8428	-	mature NK T cell	CD16-positive, CD56-dim natural killer cell, human	-	queue_rank=25;ratio=0.393;error=False;anchor_flagged=False
d	Blood	Erythrocyte	14141	-	erythrocyte	platelet	-	queue_rank=26;ratio=0.397;error=False;anchor_flagged=False
d	Heart	T cell	3288	-	T cell	lymphoid lineage restricted progenitor cell	-	queue_rank=27;ratio=0.397;error=False;anchor_flagged=False
d	Lung	Memory CD8 T cell	1389	-	central memory CD8-positive, alpha-beta T cell	natural T-regulatory cell	-	queue_rank=28;ratio=0.406;error=True;anchor_flagged=False
d	Spleen	Pro-B cell	648	-	pro-B cell	late pro-B cell	-	queue_rank=29;ratio=0.411;error=False;anchor_flagged=False
d	Bone_marrow	Haematopoietic stem and progenitor cell	40393	-	hematopoietic precursor cell	endothelial cell of sinusoid	-	queue_rank=30;ratio=0.412;error=False;anchor_flagged=False
d	Bone_marrow	Memory CD8 T cell	9025	-	central memory CD8-positive, alpha-beta T cell	effector memory CD8-positive, alpha-beta T cell, terminally differentiated	-	queue_rank=31;ratio=0.425;error=False;anchor_flagged=False
d	Lung	Lymphatic endothelial cell	7067	-	endothelial cell of lymphatic vessel	alveolar capillary type 1 endothelial cell	-	queue_rank=32;ratio=0.426;error=False;anchor_flagged=False
d	Liver	T cell	3466	-	T cell	neuroblast (sensu Vertebrata)	-	queue_rank=33;ratio=0.433;error=False;anchor_flagged=False
d	Lung	Basal cell	1590	-	basal cell	club cell	-	queue_rank=34;ratio=0.443;error=True;anchor_flagged=False
d	Lung	Memory B cell	1942	-	memory B cell	small pre-B-II cell	-	queue_rank=35;ratio=0.446;error=False;anchor_flagged=False
d	Kidney	Fibroblast	2473	-	fibroblast	endo-epithelial cell	-	queue_rank=36;ratio=0.451;error=False;anchor_flagged=False
d	Kidney	Vascular smooth muscle cell	7255	-	vascular associated smooth muscle cell	mesangial cell	-	queue_rank=37;ratio=0.453;error=False;anchor_flagged=False
d	Blood	T cell	90989	-	T cell	immature innate lymphoid cell	-	queue_rank=38;ratio=0.457;error=False;anchor_flagged=False
d	Bone_marrow	Megakaryocytic progenitor cell	1520	-	megakaryocyte progenitor cell	megakaryocyte	-	queue_rank=39;ratio=0.457;error=False;anchor_flagged=False
d	Blood	Memory CD8 T cell	1746	-	central memory CD8-positive, alpha-beta T cell	CD8-positive, alpha-beta cytotoxic T cell	-	queue_rank=40;ratio=0.463;error=False;anchor_flagged=False
d	-	SUMMARY	243	-	-	-	-	errors=19;anchor_flags=5;two_tier_reviewed=33;two_tier_found=9
c	Adipose	Lymphatic endothelial cell	244	TOP2A;CENPF;MKI67;NUSAP1	endothelial	haematopoietic/neural	plasma cell;hematopoietic precursor cell;erythrocyte;dendritic cell;neuron associated cell	confirmed
c	Gallbladder	Endothelial cell	312	GNG11;FABP5P1;PCAT19;CCL21	endothelial	connective/haematopoietic	connective tissue cell;fibroblast;leukocyte;myeloid leukocyte;mononuclear cell	boundary
c	Adipose	Fibroblast	479	C1QA;S100A8;MT1X;CD163	connective	haematopoietic	neutrophil;blood cell;macrophage;myeloid leukocyte;myeloid cell	confirmed
c	Kidney	Juxtaglomerular cell	556	RNA18S5;APLNR;ECSCR;KDR	muscle	connective/endothelial	collagen secreting cell;endothelial cell of vascular tree;stromal cell;glomerular endothelial cell;glomerular capillary endothelial cell	confirmed
c	Lung	Tuft cell	557	EOMES;MATK;CD160;XCL2	epithelial	haematopoietic	CD16-negative, CD56-bright natural killer cell, human;natural killer cell;group 1 innate lymphoid cell;CD16-positive, CD56-dim natural killer cell, human;immature innate lymphoid cell	confirmed
c	Skin	Conventional dendritic cell 1	711	CLEC9A;BATF3;WDFY4;CLNK	haematopoietic	connective/endothelial/neural	muscle fibroblast;blood vessel endothelial cell;Schwann cell;neuron associated cell;glial cell	mapping
c	Kidney	Neuroglial cell	718	CLDN6;SEPTIN7;SEPTIN2;EEF1E1	neural	epithelial/haematopoietic/muscle	endo-epithelial cell;mesonephric nephron tubule epithelial cell;smooth muscle cell;naive thymus-derived CD8-positive, alpha-beta T cell;vascular associated smooth muscle cell	confirmed
c	Bladder	Stromal cell	1009	CCL2;CCN1;SEPTIN7;CXCL10	connective	endothelial/muscle	vein endothelial cell;vascular associated smooth muscle cell;blood vessel endothelial cell;endothelial cell of vascular tree;endothelial cell of artery	boundary
c	Adrenal_gland	Endothelial cell	1320	HLA-E;HLA-B;SPARCL1;IFI27	endothelial	haematopoietic	activated type II NK T cell;effector memory CD8-positive, alpha-beta T cell;memory T cell;gamma-delta T cell;natural killer cell	mapping
c	Testis	Smooth muscle cell	4760	MUSTN1;DBNDD2;EPS8;GPX3	muscle	epithelial/haematopoietic	myeloid cell;hematopoietic cell;duct epithelial cell;mesothelial cell;epithelial cell	mapping
c	Adipose	Smooth muscle cell	7904	APOE;DEPP1;CXCL14;IGFBP3	muscle	connective	fibroblast;preadipocyte;connective tissue cell;pericyte;mesenchymal stem cell	boundary
c	Lung	Bronchial smooth muscle cell	10805	ZNF385D;PIEZO2;MEIS1;COL5A1	muscle	connective	stromal cell;secondary crest myofibroblast;mesothelial fibroblast;alveolar type 1 fibroblast cell;myofibroblast cell	boundary
c	Liver	Kupffer cell	19832	C13orf46;C12orf76;CD59;VSIG10L	haematopoietic	endothelial	endothelial cell of periportal hepatic sinusoid;vein endothelial cell;endothelial cell of artery;endothelial cell of hepatic sinusoid;endothelial cell	boundary
c	Adipose	Committed preadipocyte	21414	COL8A1;BCHE;PKHD1L1;UPK3B	connective	endothelial/epithelial/haematopoietic	mesothelial cell;myeloid lineage restricted progenitor cell;hematopoietic precursor cell;epithelial cell;endothelial cell of lymphatic vessel	mapping
a	-	type B pancreatic cell	-	-	other	epithelial	-	blind
a	-	fat cell	-	-	other	connective	-	blind
a	-	myofibroblast cell	-	-	muscle	connective	-	wrong
a	-	astrocyte	-	-	neural	neural	-	agree
a	-	tuft cell	-	-	epithelial	epithelial	-	agree
a	-	endothelial cell	-	-	endothelial	endothelial	-	agree
a	-	fibroblast	-	-	stromal	connective	-	agree
a	-	pericyte	-	-	muscle	connective	-	wrong
a	-	mesothelial cell	-	-	stromal	epithelial	-	wrong
a	-	Kupffer cell	-	-	haematopoietic	haematopoietic	-	agree
a	-	juxtaglomerular cell	-	-	other	muscle	-	blind
a	-	enteroendocrine cell	-	-	epithelial	epithelial	-	agree
a	-	Schwann cell	-	-	neural	-	-	silent
a	-	hepatocyte	-	-	epithelial	epithelial	-	agree
a	-	podocyte	-	-	epithelial	epithelial	-	agree
a	-	chondrocyte	-	-	stromal	connective	-	agree
a	-	osteoblast	-	-	stromal	connective	-	agree
a	-	microglial cell	-	-	haematopoietic	haematopoietic/neural	-	agree
a	-	Purkinje cell	-	-	neural	neural	-	agree
a	-	mast cell	-	-	haematopoietic	haematopoietic	-	agree
a	-	platelet	-	-	haematopoietic	haematopoietic	-	agree
a	-	keratinocyte	-	-	epithelial	epithelial	-	agree
a	-	melanocyte	-	-	other	-	-	silent
a	-	adipocyte	-	-	stromal	connective	-	agree
a	-	natural killer cell	-	-	haematopoietic	haematopoietic	-	agree
a	-	plasma cell	-	-	haematopoietic	haematopoietic	-	agree
b	-	keyword_only	4	-	-	-	-	tested=657
b	-	both_oracles	7	-	-	-	-	-
b	-	graph_only	7	-	-	-	-	tested=611
b	Adrenal_gland	Schwann cell precursors (SCPs)	579	S100B;CRYAB;ARPC1B;METRN	neural	epithelial/haematopoietic	-	keyword_only_refuted
b	Brain	Neural progenitor cell	263	RPSAP9;IGFBPL1;CCL5;PARP15	neural	haematopoietic	-	keyword_only_refuted
b	Testis	Vascular smooth muscle cell	878	ATF3;NR4A1;CDKN1A;NET1	muscle	connective/epithelial/germ/haematopoietic	-	keyword_only_refuted
b	Uterus	Fibroblast	10731	EMX2;TCEAL7;CXCL12;KLF10	connective	endothelial/epithelial/muscle	-	keyword_only_refuted
